,source,author,title,description,url,urlToImage,publishedAt,content
0,"{'id': None, 'name': 'Bitcoin Magazine'}",Namcios,"Russia Close To Legalizing International Trade In Bitcoin, Crypto: Head Of Finance Committee",The head of the State Duma finance committee reportedly said Russia will legalize the use of cryptocurrency for international trade in January 2023.,https://bitcoinmagazine.com/legal/russia-international-trade-bitcoin-january,https://bitcoinmagazine.com/.image/t_share/MTk0NjQ3MTEzMDg1MjMyMjkw/20160313_moscow_russia.jpg,2022-12-23T13:26:36Z,"Russia’s Congressional finance committee chairman, Anatoly Aksakov, said the country is moving to greenlight international trade in cryptocurrency within the next month, according to a report by nati… [+2380 chars]"
1,"{'id': None, 'name': 'Biztoc.com'}",u.today,'Maybe I Was Wrong About Cardano' Cybercapital CIO Admits After Saying It Lagged Behind,"Justin Bons appears to be changing his tune on his criticism of Cardano Justin Bons, the founder and CIO of CyberCapital and an outspoken figure in the cryptocurrency community, appears to be changing his tune on his criticism of Cardano. He responded to a us…",https://biztoc.com/x/1243814cd82a593e,https://c.biztoc.com/p/1243814cd82a593e/og.webp,2022-12-23T13:16:06Z,"Justin Bons appears to be changing his tune on his criticism of Cardano
Justin Bons, the founder and CIO of CyberCapital and an outspoken figure in the cryptocurrency community, appears to be changi… [+440 chars]"
2,"{'id': None, 'name': 'Thegatewaypundit.com'}",Joe Hoft,FTX’s SBF Out of Jail and Off to Parents Mansion in California – Judge Jeanine Says His Chances of Going to Trial Are Slim to None,SBF was able to cut a deal and go live with his parents for a while making him another lefty living in his parents’ basement. It appears that SBF made too much money for too many politicians to be tried for his crypto Ponzi scheme.  This is likely why the cor…,https://www.thegatewaypundit.com/2022/12/ftxs-sbf-jail-off-parents-mansion-california-judge-jeanine-says-chances-going-trial-slim-none/,https://www.thegatewaypundit.com/wp-content/uploads/SBF-Out-of-Jail.jpg,2022-12-23T13:15:00Z,"SBF was able to cut a deal and go live with his parents for a while making him another lefty living in his parents’ basement.
It appears that SBF made too much money for too many politicians to be t… [+2556 chars]"
3,"{'id': None, 'name': 'Biztoc.com'}",cryptopotato.com,"Crypto Price Analysis Dec-23: ETH, XRP, ADA, BNB and DOT","This week, we take a closer look at Ethereum, Ripple, Cardano, Binance Coin, and Polkadot Ethereum (ETH) ETH fell by 3.1% in the past seven days after it lost the support at $1,240, which has now turned into a resistance. The bulls stepped up at $1,150, and s…",https://biztoc.com/x/8d46a23fbdc59952,https://c.biztoc.com/p/8d46a23fbdc59952/og.webp,2022-12-23T13:10:07Z,"This week, we take a closer look at Ethereum, Ripple, Cardano, Binance Coin, and PolkadotEthereum (ETH)ETH fell by 3.1% in the past seven days after it lost the support at $1,240, which has now turne… [+424 chars]"
4,"{'id': None, 'name': 'U.Today'}",U.Today,'Maybe I Was Wrong About Cardano' Cybercapital CIO Admits After Saying It Lagged Behind,Justin Bons appears to be changing his tune on his criticism of Cardano,https://u.today/maybe-i-was-wrong-about-cardano-cybercapital-cio-admits-after-saying-it-lagged-behind,https://u.today/sites/default/files/styles/twitter/public/2022-12/29206.jpg,2022-12-23T13:09:00Z,Disclaimer: The opinion expressed here is not investment advice it is provided for informational purposes only. It does not necessarily reflect the opinion of U.Today. Every investment and all tradin… [+2530 chars]
5,"{'id': None, 'name': 'Biztoc.com'}",coinjournal.net,"Crypto price prediction: Lisk (LSK), Metal Pay (MTL), Litentry (LIT)","Cryptocurrency prices recoiled this week as investors reflected on the actions of the Federal Reserve and the collapse of FTX. Bitcoin consolidated at $16,500 while other coins like ETH and LTC moved sideways. This consolidation even as American stocks, espec…",https://biztoc.com/x/641cdbd5e357dc79,https://c.biztoc.com/p/641cdbd5e357dc79/og.webp,2022-12-23T13:08:06Z,"Cryptocurrency prices recoiled this week as investors reflected on the actions of the Federal Reserve and the collapse of FTX. Bitcoin consolidated at $16,500 while other coins like ETH and LTC moved… [+434 chars]"
6,"{'id': None, 'name': 'Coinjournal.net'}",Crispus Nyaga,"Crypto price prediction: Lisk (LSK), Metal Pay (MTL), Litentry (LIT)","Cryptocurrency prices recoiled this week as investors reflected on the actions of the Federal Reserve and the collapse of FTX. Bitcoin consolidated at $16,500 while other coins like ETH and LTC moved sideways. This consolidation even as American stocks, espec…",https://coinjournal.net/news/crypto-price-prediction-lisk-lsk-metal-pay-mtl-litentry-lit/,https://coinjournal.net/wp-content/uploads/1970/01/1670531508901-78cb2152-ca2d-461f-868f-d7e80e835669.jpg,2022-12-23T13:04:20Z,"Cryptocurrency prices
 recoiled this week as investors reflected on the actions of the Federal Reserve and the collapse of FTX. Bitcoin consolidated at $16,500 while other coins like ETH and LTC mov… [+4603 chars]"
7,"{'id': None, 'name': 'Marketscreener.com'}",MarketScreener,"DMG Blockchain Solutions Provides Mining, Petra Updates; COO Makes Open Market Share Purchase","(marketscreener.com) VANCOUVER, British Columbia, Dec. 23, 2022 -- DMG Blockchain Solutions Inc. , a vertically integrated blockchain and cryptocurrency technology company, announces it has received the majority of the equipment it has ordered from Bitmain: 7…",https://www.marketscreener.com/quote/stock/DMG-BLOCKCHAIN-SOLUTIONS-45098646/news/DMG-Blockchain-Solutions-Provides-Mining-Petra-Updates-COO-Makes-Open-Market-Share-Purchase-42611817/?utm_medium=RSS&utm_content=20221223,https://www.marketscreener.com/images/twitter_MS_fdblanc.png,2022-12-23T13:01:02Z,"VANCOUVER, British Columbia, Dec. 23, 2022 (GLOBE NEWSWIRE) -- DMG Blockchain Solutions Inc. (TSX-V: DMGI) (OTCQB: DMGGF) (FSE: 6AX) (“DMG” or the “Company”), a vertically integrated blockchain and c… [+9691 chars]"
8,"{'id': 'nbc-news', 'name': 'NBC News'}",David Ingram,Silicon Valley is coming for your gut biome,Cryptocurrency hasn’t worked out so well for tech investors. Neither has the metaverse so far.,https://www.nbcnews.com/tech/tech-news/silicon-valley-coming-gut-biome-rcna60619,"https://media-cldnry.s-nbcnews.com/image/upload/t_nbcnews-fp-1200-630,f_auto,q_auto:best/rockcms/2022-12/221214-Tech-Probiotics-jg-8cbe13.jpg",2022-12-23T13:00:00Z,"SAN FRANCISCO Cryptocurrency hasnt worked out so well for tech investors. Neither has the metaverse so far. Self-driving cars have been slow to arrive, and social media doesnt have the hyper-fast gro… [+7210 chars]"
9,"{'id': None, 'name': 'GlobeNewswire'}",DMG Blockchain Solutions Inc.,"DMG Blockchain Solutions Provides Mining, Petra Updates; COO Makes Open Market Share Purchase","VANCOUVER, British Columbia, Dec. 23, 2022 (GLOBE NEWSWIRE) -- DMG Blockchain Solutions Inc. (TSX-V: DMGI) (OTCQB: DMGGF) (FSE: 6AX) (“DMG” or the “Company”), a vertically integrated blockchain and cryptocurrency technology company, announces it has received …",https://www.globenewswire.com/news-release/2022/12/23/2579123/0/en/DMG-Blockchain-Solutions-Provides-Mining-Petra-Updates-COO-Makes-Open-Market-Share-Purchase.html,https://ml.globenewswire.com/Resource/Download/7d0c7dc2-5e69-4f76-9752-b1fe62cf95cf?size=1,2022-12-23T13:00:00Z,"VANCOUVER, British Columbia, Dec. 23, 2022 (GLOBE NEWSWIRE) -- DMG Blockchain Solutions Inc. (TSX-V: DMGI) (OTCQB: DMGGF) (FSE: 6AX) (DMG or the Company), a vertically integrated blockchain and crypt… [+9675 chars]"
10,"{'id': None, 'name': 'Yahoo Entertainment'}",DMG Blockchain Solutions Inc.,"DMG Blockchain Solutions Provides Mining, Petra Updates; COO Makes Open Market Share Purchase","VANCOUVER, British Columbia, Dec. 23, 2022 (GLOBE NEWSWIRE) -- DMG Blockchain Solutions Inc. (TSX-V: DMGI) (OTCQB: DMGGF) (FSE: 6AX) (“DMG” or the “Company”)...",https://finance.yahoo.com/news/dmg-blockchain-solutions-provides-mining-130000890.html,https://media.zenfs.com/en/globenewswire.com/7249e9cff93b9c60cbac67ac4456a3af,2022-12-23T13:00:00Z,"DMG Blockchain Solutions Inc.
VANCOUVER, British Columbia, Dec. 23, 2022 (GLOBE NEWSWIRE) -- DMG Blockchain Solutions Inc. (TSX-V: DMGI) (OTCQB: DMGGF) (FSE: 6AX) (DMG or the Company), a vertically … [+9706 chars]"
11,"{'id': None, 'name': 'Theregister.com'}",Steven J. Vaughan-Nichols,Crypto craziness craps out – and about time too,"Fintech, you're better than this. Time to concentrate on more helpful stuff Opinion  With the quick one-two punch of FTX and Binance, crypto is finally losing its luster as the next revolution in money.…",https://www.theregister.com/2022/12/23/crypto_craziness_craps_out/,https://regmedia.co.uk/2017/09/15/shutterstock_cryptocurrencies.jpg,2022-12-23T12:56:11Z,"Opinion With the quick one-two punch of FTX and Binance, crypto is finally losing its luster as the next revolution in money.
I was recently in Manhattan at the Linux Foundation and Fintech Open Sou… [+4570 chars]"
12,"{'id': None, 'name': 'Cointelegraph'}",Cointelegraph By Prashant Jha,OpenSea blocks Cuban artists from the platform due to US sanctions,Opensea faces backlash over its banning of Cuban artists citing the U.S. sanctions. The Crypto community called for mote decentralized and borderless platforms to enter NFT space.,https://cointelegraph.com/news/opensea-blocks-cuban-artists-from-the-platform-due-to-u-s-sanctions,"https://images.cointelegraph.com/cdn-cgi/image/format=auto,onerror=redirect,quality=90,width=1200/https://s3.cointelegraph.com/uploads/2022-12/2024a814-6998-4076-9c46-8d88eee8db9a.jpg",2022-12-23T12:53:19Z,"Nonfungible token (NFT) marketplace OpenSea has been banning artists and collectors from Cuba, citing United States sanctions as the key reason behind its action.
According to a report published by … [+1967 chars]"
13,"{'id': None, 'name': 'Biztoc.com'}",ambcrypto.com,LBank welcomes Nigeria’s push to recognize crypto as investment capital,"Nigeria has put forward a significant legislation design that will further facilitate cryptocurrency adoption in the country with over 200 million inhabitants. Why does this matter? If the Investments and Securities Act, 2007 (Amendment) Bill passes, the Nige…",https://biztoc.com/x/0e5fc61220b3caa7,https://c.biztoc.com/p/0e5fc61220b3caa7/og.webp,2022-12-23T12:52:05Z,"Nigeria has put forward a significant legislation design that will further facilitate cryptocurrency adoption in the country with over 200 million inhabitants.
Why does this matter?
If the Investme… [+434 chars]"
14,"{'id': None, 'name': 'Biztoc.com'}",u.today,The Smurfs' Society Comes to Web3 Segment with ZenGo Integration,Tokenized smurfs will be available for all users of cryptocurrency wallet ZenGo The Smurfs brand comes to the blockchain and cryptocurrencies segment as a long-term partnership between The Smurfs' Society and ZenGo wallet for digital assets kicks off. Accordi…,https://biztoc.com/x/4a876bece180d170,https://c.biztoc.com/p/4a876bece180d170/og.webp,2022-12-23T12:48:07Z,"Tokenized smurfs will be available for all users of cryptocurrency wallet ZenGo
The Smurfs brand comes to the blockchain and cryptocurrencies segment as a long-term partnership between The Smurfs' S… [+442 chars]"
15,"{'id': None, 'name': 'Cointelegraph'}",Cointelegraph By Shailey Singh,"What is Wrapped XRP (wXRP), and how does it work?",Learn what Wrapped XRP is and how to use wXRP on blockchains other than Ripple’s XRP Ledger.,https://cointelegraph.com/news/what-is-wrapped-xrp-wxrp-and-how-does-it-work,"https://images.cointelegraph.com/cdn-cgi/image/format=auto,onerror=redirect,quality=90,width=1200/https://s3.cointelegraph.com/storage/uploads/view/f60bd62ed4ee9aa159862d276943f780.jpg",2022-12-23T12:47:00Z,Wrapped XRP (wXRP) is a crypto asset pegged to XRP (XRP) and can be used on blockchains other than Ripples native XRP Ledger. Ripple is a blockchain-based global payments system providing crypto solu… [+8009 chars]
16,"{'id': None, 'name': 'Ambcrypto.com'}",Jacob Thomas,LBank welcomes Nigeria’s push to recognize crypto as investment capital,"Nigeria has put forward a significant legislation design that will further facilitate cryptocurrency adoption in the country with over 200 million inhabitants. Why does this matter? If the Investments and Securities Act, 2007 (Amendment) Bill passes, the Nige…",https://ambcrypto.com/lbank-welcomes-nigerias-push-to-recognize-crypto-as-investment-capital/,https://ambcrypto.com/wp-content/uploads/2022/12/lB-1-994x600.png,2022-12-23T12:45:47Z,"Nigeria has put forward a significant legislation design that will further facilitate cryptocurrency adoption in the country with over 200 million inhabitants.
Why does this matter?
If the Investme… [+1977 chars]"
17,"{'id': None, 'name': 'Whyevolutionistrue.com'}",whyevolutionistrue,Friday: Hili dialogue,"First, it’s howling a gale out there: here’s the ambient temperature when I woke up an hour ago. That’s the equivalent of -23° C, and the wind chill gives an equivalent temperature of -32° F or -36° C. But I had to come to work, for this is where my espresso …",https://whyevolutionistrue.com/2022/12/23/friday-hili-dialogue-404/,https://whyevolutionistrue.com/wp-content/uploads/2022/12/321628743_877265813615977_5787350308438246610_n.jpg,2022-12-23T12:45:43Z,"First, it’s howling a gale out there: here’s the ambient temperature when I woke up an hour ago. That’s the equivalent of -23° C, and the wind chill gives an equivalent temperature of -32° F or -36° … [+15379 chars]"
18,"{'id': None, 'name': 'Forbes'}","Olivia Peluso, Forbes Staff, 
 Olivia Peluso, Forbes Staff
 https://www.forbes.com/sites/oliviapeluso/",Daily Dozen: Winter Storm | TikTok Tracks Journalists | Dysfunction In The IRS,"The Senate passed a $1.7 trillion spending bill. FTX founder Sam Bankman-Fried was released from federal custody on $250 million bail. Plus, a close read of the biggest revelations from the House Ways and Means Committee's report on former President Trump's t…",https://www.forbes.com/sites/oliviapeluso/2022/12/23/daily-dozen-4000-flights-canceled--tiktok-tracks-journalists--dysfunction-in-the-irs/,https://imageio.forbes.com/specials-images/imageserve/63a59b4d5d709ea6341d7c71/0x0.jpg?format=jpg&width=1200,2022-12-23T12:45:00Z,"The Senate passed a $1.7 trillion spending bill to fund the government through September 2023. FTX founder Sam Bankman-Fried was released from federal custody on $250 million bail. Plus, a close read… [+6002 chars]"
19,"{'id': None, 'name': 'GlobeNewswire'}",Bitget,Bitget's KCGI 2022: Football Edition celebrates the World Cup with record-breaking participation,"Over 32,000 users took part in various competitions sharing a total rewards pool of 565,000 USDT Over 32,000 users took part in various competitions sharing a total rewards pool of 565,000 USDT",https://www.globenewswire.com/news-release/2022/12/23/2579112/0/en/Bitget-s-KCGI-2022-Football-Edition-celebrates-the-World-Cup-with-record-breaking-participation.html,https://ml.globenewswire.com/Resource/Download/766cb766-835a-45ea-90be-02e9f19551bc?size=1,2022-12-23T12:43:00Z,"Victoria, Seychelles, Dec. 23, 2022 (GLOBE NEWSWIRE) -- Leading crypto exchange, Bitget, announces the conclusion of its biannual trading tournament, King's Cup Global Invitation (""KCGI""): Football E… [+3867 chars]"
20,"{'id': None, 'name': 'Euronews'}",,FTX founder Sam Bankman-Fried to be released on $250 million bail and will live with his parents,The 30-year-old FTX founder was shackled at the ankles when he entered the courtroom in the US.,https://www.euronews.com/next/2022/12/23/ftx-founder-sam-bankman-fried-to-be-released-on-250-million-bail-and-will-live-with-his-pa,https://static.euronews.com/articles/stories/07/26/59/00/1000x563_cmsv2_b12851d7-b6c7-5742-993b-d372a374d5c2-7265900.jpg,2022-12-23T12:36:35Z,Cryptocurrency entrepreneur Sam Bankman-Fried walked out of a Manhattan courthouse on Thursday with his parents after they agreed to sign a $250 million (235 million) bond and keep him at their Calif… [+4159 chars]
21,"{'id': None, 'name': 'Investing.com'}",CoinEdition,Helium’s 20% Surge Is Overturned by a Bearish Momentum,Helium’s 20% Surge Is Overturned by a Bearish Momentum,https://www.investing.com/news/cryptocurrency-news/heliums-20-surge-is-overturned-by-a-bearish-momentum-2969712,https://i-invdn-com.investing.com/news/Cryptocurrencies_800x533_L_1556528074.jpg,2022-12-23T12:30:08Z,<ul><li>HNT bears take charge to reverse the market trend.</li><li>A bearish momentum has been dominant for the coin in the past 24 hours.</li><li>The four-hour chart indicates bears have started bit… [+529 chars]
22,"{'id': None, 'name': 'Yahoo Entertainment'}",ACCESSWIRE,Mobilum Technologies Announces Second Tranche of Project Funding,"Mobilum Technologies Inc. (""Mobilum"") (CSE:MBLM)(OTCQB:MBLMF)(FRA:C0B), a technology-driven company making digital assets and cryptocurrencies accessible through traditional finance and payment infrastructure, and the first solution provider of Fiat-to-Dex To…",https://ca.sports.yahoo.com/news/mobilum-technologies-announces-second-tranche-123000612.html,https://media.zenfs.com/en/accesswire.ca/493f395663cb64ab681ba0e047a59bea,2022-12-23T12:30:00Z,"VANCOUVER, BC / ACCESSWIRE / December 23, 2022 / Mobilum Technologies Inc. 
(""Mobilum"") (CSE:MBLM)(OTCQB:MBLMF)(FRA:C0B), a technology-driven company making digital assets and cryptocurrencies acces… [+4108 chars]"
23,"{'id': None, 'name': 'Yahoo Entertainment'}",Mobilum Technologies Inc.,Mobilum Technologies Announces Second Tranche of Project Funding,"Mobilum Technologies Inc. (""Mobilum"") (CSE:MBLM)(OTCQB:MBLMF)(FRA:C0B), a technology-driven company making digital assets and cryptocurrencies accessible...",https://finance.yahoo.com/news/mobilum-technologies-announces-second-tranche-123000612.html,https://media.zenfs.com/en/accesswire.ca/493f395663cb64ab681ba0e047a59bea,2022-12-23T12:30:00Z,"VANCOUVER, BC / ACCESSWIRE / December 23, 2022 / Mobilum Technologies Inc. 
(""Mobilum"") (CSE:MBLM)(OTCQB:MBLMF)(FRA:C0B), a technology-driven company making digital assets and cryptocurrencies acces… [+4108 chars]"
24,"{'id': None, 'name': 'Slashdot.org'}",benlouie,Localbitcoins clone script- A modern apporach to develop your P2P crypto exchang,The LocalBitcoins is one of the popular p2p exchange platforms in the crypto market. So Starting a p2p exchange like LocalBitcoins will give a look to your business among traders. This could make your cryptocurrency exchange business turn a massive revenue in…,https://slashdot.org/submission/17083294/localbitcoins-clone-script--a-modern-apporach-to-develop-your-p2p-crypto-exchang,,2022-12-23T12:26:46Z,The Fine Print: The following comments are owned by whoever posted them. We are not responsible for them in any way.
25,"{'id': None, 'name': 'Coinjournal.net'}",Crispus Nyaga,MANA price needs a miracle to recover: Here’s why,"Decentraland is one of the biggest players in the metaverse. But its population is less than 1,000 people. The metaverse is dead! MANA price has crumbled in 2022 as investors assess the state of Decentraland’s ecosystem. The token was trading at $0.3140, whic…",https://coinjournal.net/news/mana-price-needs-a-miracle-to-recover-heres-why/,https://coinjournal.net/wp-content/uploads/2022/06/1655478644421-d45130fb-6a2f-42e6-a102-bcc1cd2e8a62.jpg,2022-12-23T12:18:35Z,"<ul><li>Decentraland is one of the biggest players in the metaverse.
</li><li>But its population is less than 1,000 people.
</li></ul>The metaverse is dead! MANA price has crumbled in 2022 as inves… [+3268 chars]"
26,"{'id': None, 'name': 'New York Post'}",Snejana Farberov,Sam Bankman-Fried arrives at parents’ residence to start house arrest,"Sam Bankman-Fried arrived at his parents' Palo Alto, California, home Friday after being released on a record $250 million bond and placed under house arrest.",https://nypost.com/2022/12/23/sam-bankman-fried-arrives-at-parents-home/,https://nypost.com/wp-content/uploads/sites/2/2022/12/sam-bankman-fried-arrives-parents-house-comp-3.jpg?quality=75&strip=all&w=1024,2022-12-23T12:16:35Z,"Disgraced FTX founder Sam Bankman-Fried was spotted early Friday arriving at his parents’ Palo Alto, California, home where he will remain under house arrest after being released on a record $250 mil… [+1117 chars]"
27,"{'id': 'business-insider', 'name': 'Business Insider'}",gglover@insider.com (George Glover),Sam Bankman-Fried is facing off against FTX's new bosses in a 4-way battle for $450 million of Robinhood shares,Bankrupt crypto lender BlockFi and FTX creditor Yonatan Ben Shimon are also laying claim to Bankman-Fried's Robinhood stake.,https://markets.businessinsider.com/news/currencies/crypto-sam-bankman-fried-ftx-bankruptcy-robinhood-shares-blockfi-emergent-2022-12,https://i.insider.com/63a586dc6d762a001a5e3585?width=1200&format=jpeg,2022-12-23T12:16:35Z,"Disgraced FTX founder Sam Bankman-Fried and the crypto exchange's new bosses are locked in a legal battle over who owns a stake in Robinhood worth just under $450 million, a Thursday court filing has… [+2748 chars]"
28,"{'id': None, 'name': 'Marketscreener.com'}",MarketScreener,Fed Unlikely to Get Big Break in Inflation Fight for Holidays; Fiscal Policy Isn't Helping Central Bank,"(marketscreener.com) 
 Fed Unlikely to Get Big Break in its Inflation Fight for the Holidays; Fiscal Policy Isn't Helping the Central Bank By James Christie 

 Good day. Signs that the Federal Reserve's campaign to cool the U.S. economy is starting to hit the…",https://www.marketscreener.com/news/latest/Fed-Unlikely-to-Get-Big-Break-in-Inflation-Fight-for-Holidays-Fiscal-Policy-Isn-t-Helping-Central-B--42611574/?utm_medium=RSS&utm_content=20221223,https://www.marketscreener.com/images/twitter_MS_fdblanc.png,2022-12-23T12:16:03Z,"Fed Unlikely to Get Big Break in its Inflation Fight for the Holidays; Fiscal Policy Isn't Helping the Central Bank By James Christie 
Good day. Signs that the Federal Reserve's campaign to cool the… [+9005 chars]"
29,"{'id': None, 'name': 'Finbold.com'}",Ana Nicenko,"Investor Mike Alfred claims Binance has no CFO, in talks with W. Buffett’s firm for funding","Value investor and Bitcoin (BTC) enthusiast Mike Alfred has recently made a number of (so far unconfirmed) claims about the … Continued
The post Investor Mike Alfred claims Binance has no CFO, in talks with W. Buffett’s firm for funding appeared first on Finb…",https://finbold.com/investor-mike-alfred-claims-binance-has-no-cfo-in-talks-with-w-buffetts-firm-for-funding/,https://finbold.com/app/uploads/2022/12/Investor-Mike-Alfred-claims-Binance-has-no-CFO-in-talks-with-W.-Buffetts-firm-for-funding.jpg,2022-12-23T12:15:22Z,"Value investor and Bitcoin (BTC) enthusiast Mike Alfred has recently made a number of (so far unconfirmed) claims about the crypto trading platform Binance, including that it has a decentralized chie… [+3227 chars]"
30,"{'id': None, 'name': 'The Atlantic'}",Annie Lowrey,Will Elon Musk Bankrupt Twitter?,He isn’t heading toward a happy financial equilibrium.,https://www.theatlantic.com/ideas/archive/2022/12/elon-musk-twitter-finances-debt-tesla-stock/672555/?utm_source=feed,,2022-12-23T12:15:00Z,"Maybe you have not had the best year. But take some consolation from the fact that you did not YOLO yourself into overpaying for an unprofitable social-media platform, publicly try to wriggle out of … [+6614 chars]"
31,"{'id': None, 'name': 'Biztoc.com'}",siliconvalley.com,Sam Bankman-Fried to stay at parents’ Stanford home while on $250 million bail,STANFORD — Former FTX cryptocurrency billionaire Sam Bankman-Fried gained permission Thursday for a sweet alternative to awaiting trial in jail: He’ll reside at his parents’ home in the tony Upper San Juan neighborhood nestled in the southern part of Stanford…,https://biztoc.com/x/934bf97baba7e291,https://c.biztoc.com/p/934bf97baba7e291/og.webp,2022-12-23T12:06:06Z,STANFORD Former FTX cryptocurrency billionaire Sam Bankman-Fried gained permission Thursday for a sweet alternative to awaiting trial in jail: Hell reside at his parents home in the tony Upper San Ju… [+458 chars]
32,"{'id': None, 'name': 'Ambcrypto.com'}",Jacob Thomas,Bitget’s KCGI 2022 celebrates the World Cup with record-breaking participation,"Leading crypto exchange, Bitget, announces the conclusion of its biannual trading tournament, King’s Cup Global Invitation (“KCGI”): Football Edition with record-breaking participation. Hosted from Nov 21 to Dec 19, a total of 32,174 participants joined the t…",https://ambcrypto.com/bitgets-kcgi-2022-celebrates-the-world-cup-with-record-breaking-participation/,https://ambcrypto.com/wp-content/uploads/2022/12/Competition-Ends_EN-1-1000x600.png,2022-12-23T12:00:11Z,"Leading crypto exchange, Bitget, announces the conclusion of its biannual trading tournament, King’s Cup Global Invitation (“KCGI”): Football Edition withrecord-breaking participation. Hosted from No… [+3895 chars]"
33,"{'id': None, 'name': 'Coinjournal.net'}",Hassan Maishera,Should you buy KAVA after its integration with Axelar?,Kava has integrated with Axelar to make it easier for users to transfer assets across blockchains. KAVA is up by less than 1% today but could rally higher over the next few hours. The total crypto market cap continues to stay above $800 billion. Kava integrat…,https://coinjournal.net/news/should-you-buy-kava-after-its-integration-with-axelar/,https://coinjournal.net/wp-content/uploads/1970/01/1671796709912-ba4e3f92-235e-4b15-b0c8-bdb3559214b5.jpg,2022-12-23T11:59:41Z,"<ul><li>Kava has integrated with Axelar to make it easier for users to transfer assets across blockchains.
</li><li>KAVA is up by less than 1% today but could rally higher over the next few hours.
… [+2696 chars]"
34,"{'id': None, 'name': 'Business Standard'}",Raghav Aggarwal,Crypto wrap: Central banks' commentary on inflation keeping market weak,Cryptocurrency news: Both Bitcoin and Ethereum have been trading below crucial support levels,https://www.business-standard.com/article/markets/crypto-wrap-central-banks-commentary-on-inflation-keeping-market-weak-122122300773_1.html,https://bsmedia.business-standard.com/_media/bs/img/article/2022-06/25/full/1656150040-8144.jpg,2022-12-23T11:47:00Z,"Following no clarity on the FTX fiasco and hawkish commentary from the central banks across the globe, the cryptocurrency market has remained weak in the last one week with total valuation slipping b… [+2082 chars]"
35,"{'id': None, 'name': 'Biztoc.com'}",euronews.com,FTX founder Sam Bankman-Fried to be released on $250 million bail and will live with his parents,Cryptocurrency entrepreneur Sam Bankman-Fried walked out of a Manhattan courthouse on Thursday with his parents after they agreed to sign a $250 million (€235 million) bond and keep him at their California home while he awaits trial on charges that he swindle…,https://biztoc.com/x/1ad146f6b3835519,https://c.biztoc.com/p/1ad146f6b3835519/og.webp,2022-12-23T11:46:07Z,Cryptocurrency entrepreneur Sam Bankman-Fried walked out of a Manhattan courthouse on Thursday with his parents after they agreed to sign a $250 million (235 million) bond and keep him at their Calif… [+449 chars]
36,"{'id': None, 'name': 'Motley Fool'}",newsfeedback@fool.com (Anthony Di Pizio),Crypto Winter: Why Investors Are Leaving This Popular Stock Out In the Cold,"Robinhood made an abrupt pivot to focus on cryptocurrency broking, but it's not paying off.",https://www.fool.com/investing/2022/12/23/crypto-winter-investors-leaving-popular-stock-cold/,https://g.foolcdn.com/editorial/images/713715/a-frustrated-investor-with-their-head-resting-in-their-arms-at-their-desk-in-front-of-stock-charts-on-computer-monitors.jpg,2022-12-23T11:45:00Z,"Robinhood Markets(HOOD -2.20%) is perhaps the ultimate poster child for the financial market frenzy of 2021. Retail investors rushed into stocks, options contracts, and cryptocurrencies in a stampede… [+4463 chars]"
37,"{'id': None, 'name': 'Biztoc.com'}",coinjournal.net,"Ether could end the week above $1,300 as the bullish sentiment increases","Ether maintained its price above $1,200 over the past few days and could rally higher soon. The total crypto market cap could reach the $815 billion mark soon. Ether could end the week above the $1,300 resistance point. Ether could rally higher soon ETH, the …",https://biztoc.com/x/fdd00d03eb0cc0f4,https://c.biztoc.com/p/fdd00d03eb0cc0f4/og.webp,2022-12-23T11:44:07Z,"Ether maintained its price above $1,200 over the past few days and could rally higher soon.The total crypto market cap could reach the $815 billion mark soon.Ether could end the week above the $1,300… [+429 chars]"
38,"{'id': None, 'name': 'Coinjournal.net'}",Hassan Maishera,"Ether could end the week above $1,300 as the bullish sentiment increases","Ether maintained its price above $1,200 over the past few days and could rally higher soon. The total crypto market cap could reach the $815 billion mark soon. Ether could end the week above the $1,300 resistance point. Ether could rally higher soon ETH, the …",https://coinjournal.net/news/ether-could-end-the-week-above-1300-as-the-bullish-sentiment-increases/,https://coinjournal.net/wp-content/uploads/2022/09/1662485052302-cf552d52-5268-4286-8bbe-27214cc8af47.jpg,2022-12-23T11:42:14Z,"<ul><li>Ether maintained its price above $1,200 over the past few days and could rally higher soon.
</li><li>The total crypto market cap could reach the $815 billion mark soon.
</li><li>Ether could… [+2508 chars]"
39,"{'id': None, 'name': 'Coinjournal.net'}",Alice Davies,Ethereum Classic Price Prediction: ETC seems stable whilst Metacade (MCADE) doesn’t stop rising,Web3 is a constantly expanding industry and crypto price action tends to favour projects that can adapt to its fast-changing environment. ETC is a classic example of a project that has been left behind due to its inability to scale with the rest of the indust…,https://coinjournal.net/news/ethereum-classic-price-prediction-etc-seems-stable-whilst-metacade-mcade-doesnt-stop-rising/,https://coinjournal.net/wp-content/uploads/1970/01/1671794771616-13f1fd6d-a1bc-4add-9ffe-6fdf9303121f.png,2022-12-23T11:34:04Z,Web3 is a constantly expanding industry and crypto price action tends to favour projects that can adapt to its fast-changing environment. ETC is a classic example of a project that has been left behi… [+6706 chars]
40,"{'id': None, 'name': 'Help Net Security'}",Zeljka Zorz,LastPass says attackers got users' info and password vault data,The August 2022 LastPass breach has resulted in potentially catastrophic consequences for the company and some of its users: attackers have made off with unencrypted customer data and copies of backups of customer vault data. The information couldn't,https://www.helpnetsecurity.com/2022/12/23/lastpass-breach-customer-vault/,https://img.helpnetsecurity.com/wp-content/uploads/2022/12/23071350/lastpass-broken.jpg,2022-12-23T11:32:02Z,The August 2022 LastPass breach has resulted in potentially catastrophic consequences for the company and some of its users: attackers have made off with unencrypted customer data and copies of backu… [+5864 chars]
41,"{'id': None, 'name': 'Investing.com'}",CoinEdition,Crypto Employment Hit Over 80K Recruitments Despite Bear Market,Crypto Employment Hit Over 80K Recruitments Despite Bear Market,https://www.investing.com/news/cryptocurrency-news/crypto-employment-hit-over-80k-recruitments-despite-bear-market-2969695,https://i-invdn-com.investing.com/news/Cryptocurrencies_800x533_L_1556444856.jpg,2022-12-23T11:30:08Z,"<ul><li>Block Research shared that the crypto industry hired 82,200 employees in 2022.</li><li>Trading and Brokerage accounted for 50% of the total crypto-related employment.</li><li>Crypto.com laid … [+1250 chars]"
42,"{'id': None, 'name': 'Thefly.com'}",,Iris Energy: 160MW of data center capacity not affected by BC gov't decision,"See the rest of the story here.

thefly.com provides the latest financial news as it breaks. Known as a leader in market intelligence, The Fly's real-time, streaming news feed keeps individual investors, professional money managers, active traders, and corpor…",https://thefly.com/permalinks/entry.php/id3637083/IREN-Iris-Energy-MW-of-data-center-capacity-not-affected-by-BC-govt-decision,https://thefly.com/images/meta/hotstocks.jpg,2022-12-23T11:28:13Z,"Iris Energy announced that its 160MW of data center capacity is not affected by the recent announcement by the Government of British Columbia. On December 21, 2022, the Government of British Columbia… [+486 chars]"
43,"{'id': None, 'name': 'Biztoc.com'}",datadriveninvestor.com,Should You Be Investing in Crypto Now?,"Should You Be Investing in Crypto Now? Crypto Investment 101: A Beginner’s Guide to Evaluating the Cryptocurrency Market and when to invest. It’s been one of the most difficult years for crypto in recent history. Just over a year ago, Bitcoin was trading at a…",https://biztoc.com/x/55c46cc9b875693e,https://c.biztoc.com/p/55c46cc9b875693e/og.webp,2022-12-23T11:26:08Z,"Should You Be Investing in Crypto Now?
Crypto Investment 101: A Beginners Guide to Evaluating the Cryptocurrency Market and when to invest.
Its been one of the most difficult years for crypto in re… [+420 chars]"
44,"{'id': None, 'name': 'Marketscreener.com'}",MarketScreener,Iris Energy's 160MW of Data Center Capacity in British Columbia Not Affected by Recent Government Decision to Temporarily Suspend New and Early Stage Connection Requests for Cryptocurrency Mining,"(marketscreener.com) SYDNEY, Australia, Dec. 23, 2022 -- Iris Energy Limited , a leading owner and operator of institutional-grade, highly efficient Bitcoin mining data centers powered by 100% renewable energy, today announced that its 160MW of data center ca…",https://www.marketscreener.com/quote/stock/IRIS-ENERGY-LIMITED-129472358/news/Iris-Energy-s-160MW-of-Data-Center-Capacity-in-British-Columbia-Not-Affected-by-Recent-Government-De-42611354/?utm_medium=RSS&utm_content=20221223,https://www.marketscreener.com/images/twitter_MS_fdgris.png,2022-12-23T11:26:01Z,"SYDNEY, Australia, Dec. 23, 2022 (GLOBE NEWSWIRE) -- Iris Energy Limited (NASDAQ: IREN) (“Iris Energy” or “the Company”), a leading owner and operator of institutional-grade, highly efficient Bitcoin… [+9206 chars]"
45,"{'id': None, 'name': 'GlobeNewswire'}",IRIS ENERGY LIMITED,Iris Energy’s 160MW of Data Center Capacity in British Columbia Not Affected by Recent Government Decision to Temporarily Suspend New and Early Stage Connection Requests for Cryptocurrency Mining,"SYDNEY, Australia, Dec. 23, 2022 (GLOBE NEWSWIRE) -- Iris Energy Limited (NASDAQ: IREN) (“Iris Energy” or “the Company”), a leading owner and operator of institutional-grade, highly efficient Bitcoin mining data centers powered by 100% renewable energy, today…",https://www.globenewswire.com/news-release/2022/12/23/2579076/0/en/Iris-Energy-s-160MW-of-Data-Center-Capacity-in-British-Columbia-Not-Affected-by-Recent-Government-Decision-to-Temporarily-Suspend-New-and-Early-Stage-Connection-Requests-for-Crypto.html,https://ml.globenewswire.com/Resource/Download/624c4073-c9f5-408e-844b-faf7bce26df8?size=1,2022-12-23T11:25:00Z,"SYDNEY, Australia, Dec. 23, 2022 (GLOBE NEWSWIRE) -- Iris Energy Limited (NASDAQ: IREN) (Iris Energy or the Company), a leading owner and operator of institutional-grade, highly efficient Bitcoin min… [+9125 chars]"
46,"{'id': None, 'name': 'Yahoo Entertainment'}",IRIS ENERGY LIMITED,Iris Energy’s 160MW of Data Center Capacity in British Columbia Not Affected by Recent Government Decision to Temporarily Suspend New and Early Stage Connection Requests for Cryptocurrency Mining,"SYDNEY, Australia, Dec. 23, 2022 (GLOBE NEWSWIRE) -- Iris Energy Limited (NASDAQ: IREN) (“Iris Energy” or “the Company”), a leading owner and operator of...",https://finance.yahoo.com/news/iris-energy-160mw-data-center-112500890.html,https://s.yimg.com/ny/api/res/1.2/ZPaQKZaz9kqJI_tspW8Kuw--/YXBwaWQ9aGlnaGxhbmRlcjt3PTEyMDA7aD0yNTI-/https://media.zenfs.com/en/globenewswire.com/8ed830832f6ffa99892e716fcfbab6db,2022-12-23T11:25:00Z,"SYDNEY, Australia, Dec. 23, 2022 (GLOBE NEWSWIRE) -- Iris Energy Limited (NASDAQ: IREN) (Iris Energy or the Company), a leading owner and operator of institutional-grade, highly efficient Bitcoin min… [+9131 chars]"
47,"{'id': 'independent', 'name': 'Independent'}",Holly Patrick,FTX founder Sam Bankman-Fried to be released on $250m bond to parents' home,FTX founder Sam Bankman-Fried will be released on a $250m bond while awaiting trial in the US on fraud charges.,https://www.independent.co.uk/tv/news/bond-ftx-sam-bankman-fried-b2250561.html,https://cdn.jwplayer.com/v2/media/5SbYxKq0/poster.jpg?width=720,2022-12-23T11:18:05Z,"FTX founder Sam Bankman-Fried will be released on a $250m bond while awaiting trial in the US on fraud charges.
The cryptocurrency mogul, 30, has been charged with stealing billions of dollars in FT… [+296 chars]"
48,"{'id': 'usa-today', 'name': 'USA Today'}","Nicole Fallert, USA TODAY",Daily Briefing: 'The central cause of January 6th was one man',Jan. 6 committee releases final report and more news to start your Friday.,https://www.usatoday.com/story/news/2022/12/23/jan-6-ftx-blizzard-cold-winter-title-42-megan-thee-stallion/10948384002/,https://s.yimg.com/ny/api/res/1.2/ibjX5bfujZRSputssXYa0w--/YXBwaWQ9aGlnaGxhbmRlcjt3PTEyMDA7aD04MDA-/https://media.zenfs.com/en/usa_today_news_641/4dbb4fc0127d486f4566ed16c7f19eaa,2022-12-23T11:16:50Z,"The House Jan. 6 committee's 814-page final report came after the panel interviewed thousands of witnesses, held 10 hearings and obtained millions of pages of documents. Also in the news: Migrants at… [+6476 chars]"
49,"{'id': None, 'name': 'Gadgets360.com'}","Radhika Parashar, Siddharth Suvarna",US SEC Warns Crypto Investors Against Blindly Trusting ‘Proof-of-Reserve' Audits,"Paul Munter, the acting chief accountant of the SEC has said not all crypto firms are even sharing numbers from their audits and hence, should not be taken as reliable sources. The statement from Munter comes at a time several crypto firms are trying to earn …",https://www.gadgets360.com/cryptocurrency/news/us-sec-warns-crypto-investors-blindly-trusting-proof-of-reserve-audits-3632691,https://i.gadgets360cdn.com/large/crypto_us_unsplash_ewan_kennedy_large_1657709472639.jpg,2022-12-23T11:16:23Z,"Following the collapse of the FTX crypto exchange due to a liquidity crunch, several global crypto firms have conducted the audits of their respective proofs-of-reserves. The aim is to ensure their u… [+2423 chars]"
50,"{'id': None, 'name': 'Biztoc.com'}",coindesk.com,"Authorities in Italy, Albania Bust $16M Suspected Crypto Investment Scam",Law enforcement authorities in Italy and Albania have busted a cryptocurrency investment scam worth 15 million euros ($15.91 million). #albania,https://biztoc.com/x/f7232b749b7d8037,https://c.biztoc.com/p/f7232b749b7d8037/og.webp,2022-12-23T11:16:05Z,"Law enforcement authorities in Italy and Albania have busted a cryptocurrency investment scam worth 15 million euros ($15.91 million). 
#albania
 This story appeared on coindesk.com, 2022-12-23."
51,"{'id': None, 'name': 'Biztoc.com'}",bitcoin.com,President of Brazil Sanctions Cryptocurrency Law – Regulation Bitcoin News,"President Jair Bolsonaro has approved law 14.478, which regulates cryptocurrency-related operations and virtual asset service providers (VASPs) in Brazil. The document, approved on the last day of the period allowed, will begin to be applied 180 days after it…",https://biztoc.com/x/e35db4c799ba03ed,https://c.biztoc.com/p/e35db4c799ba03ed/og.webp,2022-12-23T11:02:06Z,"President Jair Bolsonaro has approved law 14.478, which regulates cryptocurrency-related operations and virtual asset service providers (VASPs) in Brazil. The document, approved on the last day of th… [+459 chars]"
52,"{'id': None, 'name': 'Biztoc.com'}",coinjournal.net,"The SEC’s crypto crackdown is just getting started, says Gary Gensler",The SEC wants to increase its oversight of the cryptocurrency market following FTX’s collapse. Gensler wants crypto issuers and exchanges to comply with regulations in the US. Crypto experts continue to call for promotive regulation of the industry. The SEC w…,https://biztoc.com/x/7e3e3e627ae8e389,https://c.biztoc.com/p/7e3e3e627ae8e389/og.webp,2022-12-23T11:02:05Z,The SEC wants to increase its oversight of the cryptocurrency market following FTXs collapse.Gensler wants crypto issuers and exchanges to comply with regulations in the US.Crypto experts continue to… [+427 chars]
53,"{'id': None, 'name': 'CoinDesk'}",Jamie Crawley,"Authorities in Italy, Albania Bust $16M Suspected Crypto Investment Scam",Assets worth 3 million euros were seized during the action by a joint investigation team.,https://www.coindesk.com/business/2022/12/23/authorities-in-italy-albania-bust-16m-suspected-crypto-investment-scam/,https://www.coindesk.com/resizer/XB1oJayqqPYl0ffWg20QtGAo79k=/1200x628/center/middle/cloudfront-us-east-1.images.arcpublishing.com/coindesk/MMPXSJFZ5VFF7HGX7TC7N7HKQ4.jpg,2022-12-23T11:01:41Z,"Law enforcement authorities in Italy and Albania busted a suspected cryptocurrency investment scam estimated to have netted 15 million euros ($16 million).
Assets worth 3 million euros were seized d… [+1677 chars]"
54,"{'id': None, 'name': 'Investing.com'}",CoinEdition,"Peter Schiff Mocks SBF, Says More Crypto Millionaires to be Affected","Peter Schiff Mocks SBF, Says More Crypto Millionaires to be Affected",https://www.investing.com/news/cryptocurrency-news/peter-schiff-mocks-sbf-says-more-crypto-millionaires-to-be-affected-2969680,https://i-invdn-com.investing.com/news/Cryptocurrencies_800x533_L_1556528104.jpg,2022-12-23T11:00:18Z,"<ul><li>Peter Schiff says more crypto millionaires to be affected following FTX collapse.</li><li>Schiff believes Elon Musk is looking to move away from Bitcoin.</li><li>According to Schiff, the cryp… [+2068 chars]"
55,"{'id': None, 'name': 'U.Today'}",U.Today,Cardano Whales Added 331 Million Additional ADA After Collapse of FTX,Key Cardano sharks have been steadily accumulating since June,https://u.today/cardano-whales-added-331-million-additional-ada-after-collapse-of-ftx,https://u.today/sites/default/files/styles/twitter/public/2022-12/29198.jpg,2022-12-23T11:00:00Z,Disclaimer: The opinion expressed here is not investment advice it is provided for informational purposes only. It does not necessarily reflect the opinion of U.Today. Every investment and all tradin… [+2137 chars]
56,"{'id': None, 'name': 'Tenable.com'}",Juan Perez,Cybersecurity Snapshot: Six Predictions from Tenable for 2023,"As 2022 draws to a close, we asked Tenable experts what they expect for the new year. After reading the tea leaves, they’re forecasting developments in extortion attacks, OT security, SaaS threats, metaverse risks and more!

Dive into these six predictions fo…",https://www.tenable.com/blog/cybersecurity-snapshot-six-predictions-from-tenable-for-2023,https://www.tenable.com/sites/default/files/styles/640x360/public/images/articles/Cybersecurity%20Snapshot%20Six%202023%20Predictions%20from%20Tenable.jpg?itok=gmwxGL2E,2022-12-23T11:00:00Z,"As 2022 draws to a close, we asked Tenable experts what they expect for the new year. After reading the tea leaves, theyre forecasting developments in extortion attacks, OT security, SaaS threats, me… [+5071 chars]"
57,"{'id': 'the-times-of-india', 'name': 'The Times of India'}",Dileep Seinberg,Key differences between utility tokens & security tokens,Tokenization is one of the notions that has become more popular as blockchain has become more widely used. Tokens are being looked at by groups from many different industries and communities as a way to start new businesses and projects. Everyone is thinking …,https://economictimes.indiatimes.com/markets/cryptocurrency/key-differences-between-utility-tokens-security-tokens/articleshow/96454446.cms,"https://img.etimg.com/thumb/msid-96454512,width-1070,height-580,imgsize-392247,overlay-etmarkets/photo.jpg",2022-12-23T10:58:19Z,There is no way to deny that blockchain technology is causing huge changes in almost every industry. Blockchain technology enables the development of a diverse range of new business models. It is bel… [+4249 chars]
58,"{'id': None, 'name': 'Coinjournal.net'}",Hassan Maishera,"The SEC’s crypto crackdown is just getting started, says Gary Gensler",The SEC wants to increase its oversight of the cryptocurrency market following FTX’s collapse. Gensler wants crypto issuers and exchanges to comply with regulations in the US. Crypto experts continue to call for promotive regulation of the industry. The SEC w…,https://coinjournal.net/news/the-secs-crypto-crackdown-is-just-getting-started-says-gary-gensler/,https://coinjournal.net/wp-content/uploads/1970/01/1671792867894-93b37489-73dd-4b0a-9332-54de25d7a9b6.jpg,2022-12-23T10:55:00Z,"Please be aware that some of the links on this site will direct you to the websites of third parties, some of whom are marketing affiliates and/or business partners of this site and/or its owners, op… [+2173 chars]"
59,"{'id': None, 'name': 'Biztoc.com'}",cryptopotato.com,MEXC Launches the Broker Program with Up to 60% Daily Rebate,"[PRESS RELEASE – Please Read Disclaimer] On December 20th, MEXC, the cryptocurrency trading platform, launches the broker program. Brokers who sign up for this program can get up to 50%-60% rebate on trading fees. MEXC It is understood that MEXC’s broker prog…",https://biztoc.com/x/34620a585d04d8fc,https://c.biztoc.com/p/34620a585d04d8fc/og.webp,2022-12-23T10:50:11Z,"[PRESS RELEASE Please Read Disclaimer]On December 20th, MEXC, the cryptocurrency trading platform, launches the broker program. Brokers who sign up for this program can get up to 50%-60% rebate on tr… [+444 chars]"
60,"{'id': None, 'name': ""Barron's""}",Adam Clark,Bitcoin Edges Higher. FTX Fallout Could Tighten Crypto Regulation.,"The SEC asserts that FTX's digital token was a security, potentially opening the way for tighter regulation of cryptocurrencies.",https://www.barrons.com/articles/bitcoin-crypto-markets-today-ftx-sec-51671791175,https://images.barrons.com/im-684340/social,2022-12-23T10:48:00Z,"Bitcoin
 and other cryptocurrencies were slightly higher Friday with the collapse of cryptocurrency exchange FTX and the fate of its founder, Sam Bankman-Fried, still in the spotlight. 
Bitcoin
 h… [+1127 chars]"
61,"{'id': None, 'name': 'Biztoc.com'}",finbold.com,"Bitcoin recovers faster post-FTX than after past major capitulation events, data shows","has been trading in a sideways pattern in recent days, as the aftermath of the FTX collapse still pressures the cryptocurrency market, its funding rates are recovering faster than following previous capitulation events. Specifically, since the crash of what u…",https://biztoc.com/x/e55e3887119af1d0,https://c.biztoc.com/p/e55e3887119af1d0/og.webp,2022-12-23T10:46:06Z,"has been trading in a sideways pattern in recent days, as the aftermath of the FTX collapse still pressures the cryptocurrency market, its funding rates are recovering faster than following previous … [+435 chars]"
62,"{'id': None, 'name': 'Biztoc.com'}",finbold.com,Crypto-skeptic Peter Schiff admits gold partly lost interest due to Bitcoin’s growth,"Peter Schiff, the chief global strategist of Euro Pacific Capital and vocal cryptocurrency skeptic, has suggested that Bitcoin’s (BTC) rise partly impacted investor interest in gold. According to Schiff, with gold trading sideways, frustrated investors ventur…",https://biztoc.com/x/7ac183fbe28f4192,https://c.biztoc.com/p/7ac183fbe28f4192/og.webp,2022-12-23T10:46:05Z,"Peter Schiff, the chief global strategist of Euro Pacific Capital and vocal cryptocurrency skeptic, has suggested that Bitcoins (BTC) rise partly impacted investor interest in gold. According to Schi… [+449 chars]"
63,"{'id': None, 'name': 'Finbold.com'}",Ana Nicenko,"Bitcoin recovers faster post-FTX than after past major capitulation events, data shows","Although Bitcoin (BTC) has been trading in a sideways pattern in recent days, as the aftermath of the FTX collapse … Continued
The post Bitcoin recovers faster post-FTX than after past major capitulation events, data shows appeared first on Finbold.",https://finbold.com/bitcoin-recovers-faster-post-ftx-than-after-past-major-capitulation-events-data-shows/,https://finbold.com/app/uploads/2022/12/Bitcoin-recovers-faster-post-FTX-than-after-past-major-capitulation-events-data-shows.jpg,2022-12-23T10:39:36Z,"Although Bitcoin (BTC) has been trading in a sideways pattern in recent days, as the aftermath of the FTX collapse still pressures the cryptocurrency market, its funding rates are recovering faster t… [+2864 chars]"
64,"{'id': None, 'name': 'Biztoc.com'}",observer.com,"Investor Tim Draper Is “100% Sure” Bitcoin Will Reach $250,000 By 2024","Billionaire venture capitalist Tim Draper is sticking to his bold prediction bitcoin will reach $250,000 in the next year or two despite the cryptocurrency losing 65 percent of its dollar value this year and the recent downfall of crypto exchange FTX. Draper,…",https://biztoc.com/x/50c7776adae7c4f9,https://c.biztoc.com/p/50c7776adae7c4f9/og.webp,2022-12-23T10:38:08Z,"Billionaire venture capitalist Tim Draper is sticking to his bold prediction bitcoin will reach $250,000 in the next year or two despite the cryptocurrency losing 65 percent of its dollar value this … [+434 chars]"
65,"{'id': None, 'name': 'Finbold.com'}",Paul L.,Crypto-skeptic Peter Schiff admits gold partly lost interest due to Bitcoin’s growth,"Peter Schiff, the chief global strategist of Euro Pacific Capital and vocal cryptocurrency skeptic, has suggested that Bitcoin’s (BTC) rise … Continued
The post Crypto-skeptic Peter Schiff admits gold partly lost interest due to Bitcoin’s growth appeared firs…",https://finbold.com/crypto-skeptic-peter-schiff-admits-gold-partly-lost-interest-due-to-bitcoins-growth/,https://finbold.com/app/uploads/2022/12/Crypto-skeptic-Peter-Schiff-admits-gold-partly-lost-interest-due-to-Bitcoins-growth.jpg,2022-12-23T10:35:00Z,"Peter Schiff, the chief global strategist of Euro Pacific Capital and vocal cryptocurrency skeptic, has suggested that Bitcoin’s (BTC) rise partly impacted investor interest in gold. 
According to S… [+2884 chars]"
66,"{'id': None, 'name': 'Observer'}","Sissi Cao, Sissi Cao","Investor Tim Draper Is “100% Sure” Bitcoin Will Reach $250,000 By 2024","Venture capitalist Tim Draper is sticking to his prediction Bitcoin will reach $250,000 soon despite the cryptocurrency losing 65 percent of its value in 2022.",https://observer.com/2022/12/tim-draper-bitcoin-prediction-ftx-crypto/,https://observer.com/wp-content/uploads/sites/2/2022/12/GettyImages-1244426687-e1671742307350.jpg?quality=80&strip,2022-12-23T10:30:26Z,"Tim Draper bought 30,000 Bitcoins for $632 each in 2014. Ben McShane/Sportsfile for Web Summit via Getty Images
Billionaire venture capitalist Tim Draper is sticking to his bold prediction bitcoin w… [+2899 chars]"
67,"{'id': None, 'name': 'Biztoc.com'}",coinjournal.net,"Uniswap allows crypto purchases using credit cards, but how is UNI price behaving?","Uniswap partnered with Moonpay for crypto purchases using a credit card and debit card. Uniswap token is under bear pressure amid slight intraday gains. UNI could proceed lower as investors show little interest. In an exceedingly bear market, any positive cry…",https://biztoc.com/x/f98b7125097a88b3,https://c.biztoc.com/p/f98b7125097a88b3/og.webp,2022-12-23T10:20:04Z,Uniswap partnered with Moonpay for crypto purchases using a credit card and debit card.Uniswap token is under bear pressure amid slight intraday gains.UNI could proceed lower as investors show little… [+406 chars]
68,"{'id': None, 'name': 'Biztoc.com'}",thecryptobasic.com,Ripple General Counsel: SEC Finally Admits FTX Customers’ Assets Were Used to Bail Out BlockFi,"Ripple’s general counsel asks vital questions about the SEC’s role in FTX collapse. Ripple’s general counsel Stuart Alderoty has made an important discovery in the SEC’s recently filed charges against FTX and Alameda Research execs. According to Alderoty, the…",https://biztoc.com/x/2c35d5973ec405dd,https://c.biztoc.com/p/2c35d5973ec405dd/og.webp,2022-12-23T10:14:06Z,"Ripples general counsel asks vital questions about the SECs role in FTX collapse.
Ripples general counsel Stuart Alderoty has made an important discovery in the SECs recently filed charges against F… [+470 chars]"
69,"{'id': None, 'name': 'Investing.com'}",Investing.com,What happened in 2022? The year in review,What happened in 2022? The year in review,https://www.investing.com/news/economy/what-happened-in-2022-the-year-in-review-2968308,https://i-invdn-com.investing.com/news/moved_LYNXMPEI7L037_L.jpg,2022-12-23T10:13:49Z,"By Liz Moyer, Peter Nurse, Scott Kanowsky and Yasin Ebrahim
Investing.com -- The year is heading to a close on a sour note with the hoped-for Santa rally failing to materialize. Worries about a rece… [+19658 chars]"
70,"{'id': None, 'name': 'Biztoc.com'}",coindesk.com,"Bitcoin Is Leading Indicator for S&P 500, Past Data Shows","The cryptocurrency tends to bottom out weeks ahead of the S&P 500, research by Delphi Digital shows. #delphidigital",https://biztoc.com/x/dc3c8a3a3e6a4a45,https://c.biztoc.com/p/dc3c8a3a3e6a4a45/og.webp,2022-12-23T10:12:05Z,"The cryptocurrency tends to bottom out weeks ahead of the S&amp;P 500, research by Delphi Digital shows. 
#delphidigital
 This story appeared on coindesk.com, 2022-12-22."
71,"{'id': None, 'name': 'Coinjournal.net'}",Motiur Rahman,"Uniswap allows crypto purchases using credit cards, but how is UNI price behaving?","Uniswap partnered with Moonpay for crypto purchases using a credit card and debit card. Uniswap token is under bear pressure amid slight intraday gains. UNI could proceed lower as investors show little interest. In an exceedingly bear market, any positive cry…",https://coinjournal.net/news/uniswap-allows-crypto-purchases-using-credit-cards-but-how-is-uni-price-behaving/,https://coinjournal.net/wp-content/uploads/1970/01/1671789909189-76b4d028-7e77-45de-89fd-31cbd337b53d.jpg,2022-12-23T10:07:04Z,"<ul><li>Uniswap partnered with Moonpay for crypto purchases using a credit card and debit card.
</li><li>Uniswap token is under bear pressure amid slight intraday gains.
</li><li>UNI could proceed … [+2704 chars]"
72,"{'id': None, 'name': 'Biztoc.com'}",coinjournal.net,Litecoin settles at $65 support. Who has a chance now?,"Litecoin has corrected back to the $65 support LTC is nearly entering the bearish territory The cryptocurrency needs to recover above key moving averages Litecoin (LTC/USD) correction could now be over. In its latest market dip, the cryptocurrency settled at …",https://biztoc.com/x/eb5e60899e8ed619,https://c.biztoc.com/p/eb5e60899e8ed619/og.webp,2022-12-23T10:06:07Z,Litecoin has corrected back to the $65 supportLTC is nearly entering the bearish territoryThe cryptocurrency needs to recover above key moving averagesLitecoin (LTC/USD) correction could now be over.… [+404 chars]
73,"{'id': None, 'name': 'Biztoc.com'}",coinjournal.net,XRP fails to mount a comeback despite whale accumulation. Here is the next target,XRP has been correcting as the SEC case drags Whales have been accumulating the cryptocurrency XRP could continue sliding to find support at $0.30 Ripple (XRP/USD) enthusiasts have been anxious for the past weeks. As investors awaited a possible hint of the S…,https://biztoc.com/x/52496f4d5dfccdcc,https://c.biztoc.com/p/52496f4d5dfccdcc/og.webp,2022-12-23T10:06:06Z,XRP has been correcting as the SEC case dragsWhales have been accumulating the cryptocurrencyXRP could continue sliding to find support at $0.30Ripple (XRP/USD) enthusiasts have been anxious for the … [+431 chars]
74,"{'id': None, 'name': 'Coinjournal.net'}",Motiur Rahman,Litecoin settles at $65 support. Who has a chance now?,"Litecoin has corrected back to the $65 support LTC is nearly entering the bearish territory The cryptocurrency needs to recover above key moving averages Litecoin (LTC/USD) correction could now be over. In its latest market dip, the cryptocurrency settled at …",https://coinjournal.net/news/litecoin-settles-at-65-support-who-has-a-chance-now/,https://coinjournal.net/wp-content/uploads/1970/01/1671789508124-4363762d-b0f8-4a0f-a2e2-401c34319aac.jpg,2022-12-23T10:01:03Z,"<ul><li>Litecoin has corrected back to the $65 support
</li><li>LTC is nearly entering the bearish territory
</li><li>The cryptocurrency needs to recover above key moving averages
</li></ul>Liteco… [+2828 chars]"
75,"{'id': 'bloomberg', 'name': 'Bloomberg'}",Stacy-Marie Ishmael,This Week in Crypto: Bankman-Fried In Court (Podcast),A reckoning is coming for the former chief executive officer of FTX. It may also be coming for the whole industry.,https://www.bloomberg.com/news/articles/2022-12-23/sam-bankman-fried-sbf-is-back-in-the-us-all-eyes-on-binance,https://assets.bwbx.io/images/users/iqjWHBFdfxIU/ipvAnOR6oHpQ/v1/1200x800.jpg,2022-12-23T10:00:19Z,"Listen to Bloomberg Crypto on the iHeartRadio App, Apple Podcasts or Spotify.
Its been another wild week in crypto, especially for Sam Bankman-Fried.  The co-founder of FTX was released on a $250 mi… [+132 chars]"
76,"{'id': None, 'name': 'Crypto Daily'}",Crypto Daily,Jetshare_JETT$: The Aviation Industry Saviour,"There are quite a handful of industries that produce the world’s richest people. One such industry is the aviation industry. Entering the industry is reserved for the wealthy and powerful. 
This goes to confirm the mantra, “The rich keep getting richer."" The …",https://cryptodaily.co.uk/2022/12/jetshare-jett-the-aviation-industry-saviour,https://cryptodailycdn.ams3.cdn.digitaloceanspaces.com/image-2022-12-22-161939.jpg,2022-12-23T10:00:00Z,"There are quite a handful of industries that produce the world’s richest people. One such industry is the aviation industry. Entering the industry is reserved for the wealthy and powerful. 
This goe… [+3875 chars]"
77,"{'id': None, 'name': 'Coinjournal.net'}",Motiur Rahman,XRP fails to mount a comeback despite whale accumulation. Here is the next target,XRP has been correcting as the SEC case drags Whales have been accumulating the cryptocurrency XRP could continue sliding to find support at $0.30 Ripple (XRP/USD) enthusiasts have been anxious for the past weeks. As investors awaited a possible hint of the S…,https://coinjournal.net/news/xrp-fails-to-mount-a-comeback-despite-whale-accumulation-here-is-the-next-target/,https://coinjournal.net/wp-content/uploads/1970/01/1671788982448-03a3424b-4079-46cc-ab5f-2032571b40a5.jpg,2022-12-23T09:53:08Z,"<ul><li>XRP has been correcting as the SEC case drags
</li><li>Whales have been accumulating the cryptocurrency
</li><li>XRP could continue sliding to find support at $0.30
</li></ul>Ripple
 (XRP… [+2462 chars]"
78,"{'id': None, 'name': 'Coinjournal.net'}",Motiur Rahman,"Uniswap versus GMX token? Two DEX contenders, but which one is better?","Uniswap and GMX are DEX cryptocurrencies DEX tokens were boosted by the FTX collapse UNI could be preferable in the long term Decentralised exchanges, or simply DEX, were the talk of the town after the collapse of FTX. As investors’ concerns grew, centralised…",https://coinjournal.net/news/uniswap-versus-gmx-token-two-dex-contenders-but-which-one-is-better/,https://coinjournal.net/wp-content/uploads/1970/01/1671788710514-430f2ad3-c2f9-4efb-a733-13ab54a08512.jpg,2022-12-23T09:45:34Z,"<ul><li>Uniswap and GMX are DEX cryptocurrencies
</li><li>DEX tokens were boosted by the FTX collapse
</li><li>UNI could be preferable in the long term
</li></ul>Decentralised exchanges, or simply… [+3144 chars]"
79,"{'id': None, 'name': 'Biztoc.com'}",coinjournal.net,Will Dogecoin build on its intraday 6% surge to finish the year strong?,"Dogecoin rose 6% on Friday, with a slight increase in trading volume The cryptocurrency is moved by the slightest of positive news DOGE is still bearish unless bulls reclaim $0.09 Investors are not yet done with Dogecoin (DOGE/USD). The cryptocurrency traded …",https://biztoc.com/x/7ae29fb2d54f5e7a,https://c.biztoc.com/p/7ae29fb2d54f5e7a/og.webp,2022-12-23T09:38:06Z,"Dogecoin rose 6% on Friday, with a slight increase in trading volumeThe cryptocurrency is moved by the slightest of positive newsDOGE is still bearish unless bulls reclaim $0.09Investors are not yet … [+425 chars]"
80,"{'id': None, 'name': 'Biztoc.com'}",coinjournal.net,Axie Infinity breakout on a symmetrical triangle incoming after Google Play Store win?,Axie Infinity has lost 95% of its value from its ATH The cryptocurrency trades on a symmetrical triangle A breakout could shape the next price direction for AXS Axie Infinity (AXS/USD) has been one of the hardest-hit cryptocurrencies this year. The token of t…,https://biztoc.com/x/223de4c7102af6c7,https://c.biztoc.com/p/223de4c7102af6c7/og.webp,2022-12-23T09:38:06Z,Axie Infinity has lost 95% of its value from its ATHThe cryptocurrency trades on a symmetrical triangleA breakout could shape the next price direction for AXSAxie Infinity (AXS/USD) has been one of t… [+430 chars]
81,"{'id': None, 'name': 'Coinjournal.net'}",Motiur Rahman,Axie Infinity breakout on a symmetrical triangle incoming after Google Play Store win?,Axie Infinity has lost 95% of its value from its ATH The cryptocurrency trades on a symmetrical triangle A breakout could shape the next price direction for AXS Axie Infinity (AXS/USD) has been one of the hardest-hit cryptocurrencies this year. The token of t…,https://coinjournal.net/news/axie-infinity-breakout-on-a-symmetrical-triangle-incoming-after-google-play-store-win/,https://coinjournal.net/wp-content/uploads/1970/01/1671788077004-f559f60c-5dbc-47fc-8d3c-2a06cfef0351.jpg,2022-12-23T09:37:52Z,"<ul><li>Axie Infinity has lost 95% of its value from its ATH
</li><li>The cryptocurrency trades on a symmetrical triangle
</li><li>A breakout could shape the next price direction for AXS
</li></ul… [+2720 chars]"
82,"{'id': None, 'name': 'Biztoc.com'}",decrypt.co,Dogecoin Enjoys 5% Rebound After Month-Long Tumble,"With Dogecoin jumping 5% over the past 24 hours, holders have another reason to celebrate this holiday season. DOGE is now trading at a little over $0.07 and enjoys a market capitalization of $10.7 billion, making it the market's eighth-largest cryptocurrency…",https://biztoc.com/x/da6dcf2d94c09933,https://c.biztoc.com/p/da6dcf2d94c09933/og.webp,2022-12-23T09:30:05Z,"With Dogecoin jumping 5% over the past 24 hours, holders have another reason to celebrate this holiday season.
DOGE is now trading at a little over $0.07 and enjoys a market capitalization of $10.7 … [+433 chars]"
83,"{'id': None, 'name': 'Coinjournal.net'}",Motiur Rahman,Will Dogecoin build on its intraday 6% surge to finish the year strong?,"Dogecoin rose 6% on Friday, with a slight increase in trading volume The cryptocurrency is moved by the slightest of positive news DOGE is still bearish unless bulls reclaim $0.09 Investors are not yet done with Dogecoin (DOGE/USD). The cryptocurrency traded …",https://coinjournal.net/news/will-dogecoin-build-on-its-intraday-6-surge-to-finish-the-year-strong/,https://coinjournal.net/wp-content/uploads/2022/08/1660926072528-9fb59a5b-3282-4f06-865a-dcc8c619b89b.jpg,2022-12-23T09:28:15Z,"<ul><li>Dogecoin rose 6% on Friday, with a slight increase in trading volume
</li><li>The cryptocurrency is moved by the slightest of positive news
</li><li>DOGE is still bearish unless bulls recla… [+2087 chars]"
84,"{'id': None, 'name': 'Decrypt'}",Liam J. Kelly,Dogecoin Enjoys 5% Rebound After Month-Long Tumble,"Today's bullish move comes just a day after Bitstamp listed Dogecoin. Still, it's a drop in the river after DOGE's month-long descent.",https://decrypt.co/117839/dogecoin-enjoys-rebound-month-long-tumble,https://img.decrypt.co/insecure/rs:fill:1024:512:1:0/plain/https://cdn.decrypt.co/wp-content/uploads/2022/04/dogecoin-price-trading-gID_1.jpeg@png,2022-12-23T09:26:45Z,"With Dogecoin jumping 5% over the past 24 hours, holders have another reason to celebrate this holiday season.
DOGE is now trading at a little over $0.07 and enjoys a market capitalization of $10.7 … [+1577 chars]"
85,"{'id': None, 'name': 'Biztoc.com'}",coinjournal.net,Polygon’s MATIC defends support as the last testnet launches with a huge milestone,"Polygon announced the second testnet before going live on mainnet MATIC has consolidated at $0.8 for the past week The token could resist bear pressure to rise toward $1 Polygon (MATIC/USD) traded at a support zone at $0.8 on Friday, a level it has held for a…",https://biztoc.com/x/3ab3349d2d053296,https://c.biztoc.com/p/3ab3349d2d053296/og.webp,2022-12-23T09:24:06Z,Polygon announced the second testnet before going live on mainnet MATIC has consolidated at $0.8 for the past weekThe token could resist bear pressure to rise toward $1Polygon (MATIC/USD) traded at a… [+433 chars]
86,"{'id': None, 'name': 'Biztoc.com'}",coinjournal.net,Polygon’s MATIC defends support as the last testnet launches with a huge milestone,"Polygon announced the second testnet before going live on mainnet MATIC has consolidated at $0.8 for the past week The token could resist bear pressure to rise toward $1 Polygon (MATIC/USD) traded at a support zone at $0.8 on Friday, a level it has held for a…",https://biztoc.com/x/3ab3349d2d053296,https://c.biztoc.com/p/3ab3349d2d053296/og.webp,2022-12-23T09:24:06Z,Polygon announced the second testnet before going live on mainnet MATIC has consolidated at $0.8 for the past weekThe token could resist bear pressure to rise toward $1Polygon (MATIC/USD) traded at a… [+433 chars]
87,"{'id': None, 'name': 'Coinjournal.net'}",Motiur Rahman,Polygon’s MATIC defends support as the last testnet launches with a huge milestone,"Polygon announced the second testnet before going live on mainnet  MATIC has consolidated at $0.8 for the past week The token could resist bear pressure to rise toward $1 Polygon (MATIC/USD) traded at a support zone at $0.8 on Friday, a level it has held for …",https://coinjournal.net/news/polygons-matic-defends-support-as-the-last-testnet-launches-with-a-huge-milestone/,https://coinjournal.net/wp-content/uploads/1970/01/1671787084093-5d4463c4-f6e0-4d48-8d67-b7b351032f4a.jpg,2022-12-23T09:20:11Z,"<ul><li>Polygon announced the second testnet before going live on mainnet 
</li><li>MATIC has consolidated at $0.8 for the past week
</li><li>The token could resist bear pressure to rise toward $1… [+2697 chars]"
88,"{'id': None, 'name': 'Biztoc.com'}",scmp.com,Exclusive: Ex-Binance CFO: brace for crypto bear market after FTX meltdown,"In an exclusive interview with the Post, Zhou Wei talks about his outlook on the cryptocurrency market and his views on China’s outright ban on cryptocurrency trading.#zhouwei",https://biztoc.com/x/a10eed52281485b6,https://c.biztoc.com/p/a10eed52281485b6/og.webp,2022-12-23T09:14:32Z,"In an exclusive interview with the Post, Zhou Wei talks about his outlook on the cryptocurrency market and his views on Chinas outright ban on cryptocurrency trading. 
#zhouwei
 This story appeared… [+24 chars]"
89,"{'id': None, 'name': 'Coinjournal.net'}",Motiur Rahman,Which cryptocurrencies are likely to find their way into Twitter’s payments?,"Investors anticipate Twitter to add cryptocurrencies to its payment methods DOGE, BNB, and MASK are thought to be the likeliest additions An addition would be followed by price surges The acquisition of Twitter by Elon Musk elicited enthusiasm from most crypt…",https://coinjournal.net/news/which-cryptocurrencies-are-likely-to-find-their-way-into-twitters-payments/,https://coinjournal.net/wp-content/uploads/1970/01/1671786827939-b5ef651b-bfd7-47c8-b2a8-dbec313a0d0e.jpg,2022-12-23T09:14:07Z,"<ul><li>Investors anticipate Twitter to add cryptocurrencies to its payment methods
</li><li>DOGE, BNB, and MASK are thought to be the likeliest additions
</li><li>An addition would be followed by … [+4031 chars]"
90,"{'id': None, 'name': 'Biztoc.com'}",financialjuice.com,US SEC Chairman Gary Gensler says cryptocurrency crackdown is just getting started,Securities and Exchange Commission Chairman hopes pending charges against Sam Bankman-Fried send message to crypto community. Gary Gensler argues cryptocurrency issuers and exchanges need to ensure compliance with existing securities law#garygensler #sambankm…,https://biztoc.com/x/fbb252a04ee34fb2,https://c.biztoc.com/p/fbb252a04ee34fb2/og.webp,2022-12-23T09:14:06Z,Securities and Exchange Commission Chairman hopes pending charges against Sam Bankman-Fried send message to crypto community. Gary Gensler argues cryptocurrency issuers and exchanges need to ensure c… [+125 chars]
91,"{'id': None, 'name': 'Biztoc.com'}",cnbc.com,"From $250,000 to $10,000 price calls: How market watchers got it wrong with bitcoin in 2022","2022 marked the start of a new ""crypto winter,"" with high-profile companies collapsing across the board and prices of digital currencies crashing spectacularly. The events of the year took many investors by surprise and made the task of predicting bitcoin's p…",https://biztoc.com/x/36bb6b89ba3c3c38,https://c.biztoc.com/p/36bb6b89ba3c3c38/og.webp,2022-12-23T09:10:08Z,"2022 marked the start of a new ""crypto winter,"" with high-profile companies collapsing across the board and prices of digital currencies crashing spectacularly. The events of the year took many inves… [+441 chars]"
92,"{'id': None, 'name': 'Biztoc.com'}",coindesk.com,SEC Increases Scrutiny of Audits of Cryptocurrency Companies: WSJ,"The US Securities and Exchange Commission (SEC) is increasing its scrutiny of audits of cryptocurrency companies and warning both investors and audit firms, WSJ reported.#wsj",https://biztoc.com/x/a3941fc947dbaceb,https://c.biztoc.com/p/a3941fc947dbaceb/og.webp,2022-12-23T09:10:05Z,"The US Securities and Exchange Commission (SEC) is increasing its scrutiny of audits of cryptocurrency companies and warning both investors and audit firms, WSJ reported. 
#wsj
 This story appeared… [+28 chars]"
93,"{'id': None, 'name': 'CoinDesk'}",Omkar Godbole,"OKX Unveils 2nd Proof-of-Reserves Report, Promises Monthly Publication","Users can now view and download the old and new reserve ratios and self-assess the exchange's health and safety of their assets, OKX said in a press release.",https://www.coindesk.com/business/2022/12/23/okx-unveils-second-proof-of-reserves-report-promises-monthly-publication/,https://www.coindesk.com/resizer/38j7S0NzDb_mxEtM8thNYmstoBA=/1200x628/center/middle/cloudfront-us-east-1.images.arcpublishing.com/coindesk/5SPUHIBTABCKXJTR4SKAMPPXZM.png,2022-12-23T09:06:15Z,"Cryptocurrency exchange OKX published a second proof of reserves (PoR) report, adding features that allow users to verify that the second-largest platform by trading volume has sufficient assets to h… [+1893 chars]"
94,"{'id': None, 'name': 'Yahoo Entertainment'}",Omkar Godbole,"OKX Unveils 2nd Proof-of-Reserves Report, Promises Monthly Publication",Users can now view and download the old and new reserve ratios and assess the exchange's health and the safety of their assets.,https://finance.yahoo.com/news/okx-unveils-2nd-proof-reserves-090403509.html,https://s.yimg.com/ny/api/res/1.2/9w2rNy6XYBis6zjPBtPfTA--/YXBwaWQ9aGlnaGxhbmRlcjt3PTEyMDA7aD01ODM-/https://media.zenfs.com/en/coindesk_75/d547035442dd7f456e16de480df7fd3f,2022-12-23T09:04:03Z,"Cryptocurrency exchange OKX published a second proof of reserves (PoR) report, adding features that allow users to verify that the second-largest platform by trading volume has sufficient assets to h… [+1893 chars]"
95,"{'id': None, 'name': 'Anchor.fm'}",Gary Vaynerchuk,Stop Trying to Impress Strangers... You Are Not Tricking ANYONE!,"Today's episode of the GaryVee Audio Experience is all about people living their lives for the validation of others, your worth is not set in surface level things, why the world is grey when everyone thinks it's black and white, selfishness vs selflessness an…",https://anchor.fm/garyvee/episodes/Stop-Trying-to-Impress-Strangers----You-Are-Not-Tricking-ANYONE-e1sc7pa,https://d3t3ozftmdmh3i.cloudfront.net/production/podcast_uploaded_nologo/2454369/2454369-1660858294166-1fec3937876f7.jpg,2022-12-23T09:00:15Z,"Skip to main content
Today's episode of the GaryVee Audio Experience is another episode of Empathy Hour, the show focused on EQ, entrepreneurship, Web3, and of course, wine. In this series, I sit do… [+45252 chars]"
96,"{'id': None, 'name': 'Yahoo Entertainment'}",Amitoj Singh,SEC Increases Scrutiny of Audits of Cryptocurrency Companies: WSJ,"The US Securities and Exchange Commission (SEC) is increasing its scrutiny of audits of cryptocurrency companies and warning both investors and audit firms, ...",https://finance.yahoo.com/news/sec-increases-scrutiny-audits-cryptocurrency-085600904.html,https://s.yimg.com/ny/api/res/1.2/KuuM9kGEcHALCV.OxaHjaQ--/YXBwaWQ9aGlnaGxhbmRlcjt3PTEyMDA7aD05MDA-/https://media.zenfs.com/en/coindesk_75/b7de5da12d1aab9353ea5456970f289f,2022-12-23T08:56:00Z,The U.S. Securities and Exchange Commission (SEC) is increasing its scrutiny of audits of cryptocurrency companies in an effort to warn investors who may feel assured by audits such as proof-of-reser… [+1708 chars]
97,"{'id': None, 'name': 'CoinDesk'}",Amitoj Singh,SEC Increases Scrutiny of Audits of Cryptocurrency Companies: WSJ,"The US Securities and Exchange Commission (SEC) is increasing its scrutiny of audits of cryptocurrency companies and warning both investors and audit firms, WSJ reported.",https://www.coindesk.com/policy/2022/12/23/sec-increases-scrutiny-of-audits-of-cryptocurrency-companies-wsj/,https://www.coindesk.com/resizer/2ghZxuR32jIxLLHZarA4rseHezE=/1200x628/center/middle/cloudfront-us-east-1.images.arcpublishing.com/coindesk/K6CJI4NCRZB6JJ2WL7ONUOGFXE.jpg,2022-12-23T08:56:00Z,The U.S. Securities and Exchange Commission (SEC) is increasing its scrutiny of audits of cryptocurrency companies in an effort to warn investors who may feel assured by audits such as proof-of-reser… [+1708 chars]
98,"{'id': None, 'name': 'Biztoc.com'}",ambcrypto.com,LBank presents TechFest International blockchain summit in Bombay,"TechFest IIT Bombay is Asia’s Largest technology festival where the world’s leading crypto influencers gather with key government delegates, media, and other investors to assist the global blockchain and cryptocurrency communities. It is one of the most prest…",https://biztoc.com/x/225cd7239e3b9f73,https://c.biztoc.com/p/225cd7239e3b9f73/og.webp,2022-12-23T08:54:05Z,"TechFest IIT Bombay is Asias Largest technology festival where the worlds leading crypto influencers gather with key government delegates, media, and other investors to assist the global blockchain a… [+409 chars]"
99,"{'id': None, 'name': 'Biztoc.com'}",thecryptobasic.com,Shiba Inu Invites Community to Submit SHIB-Related Promotional Videos and Audios,"Shiba Inu wants to launch a video promotional series, and it wants the community to be a part of it. Leading canine-themed cryptocurrency Shiba Inu has announced plans to release a series of promotional videos over the coming months. According to a blog post …",https://biztoc.com/x/f0644979a92dd4dc,https://c.biztoc.com/p/f0644979a92dd4dc/og.webp,2022-12-23T08:50:07Z,"Shiba Inu wants to launch a video promotional series, and it wants the community to be a part of it.
Leading canine-themed cryptocurrency Shiba Inu has announced plans to release a series of promoti… [+413 chars]"
